id,group id,video path,annotation path,sceneType,fps,num frames,aesthetic score,motion score,timeOfDay,weather,crowdDensity
e6d91e1b-e366-5fa9-aef4-9769eb0bf631,1.0,videos/group_0001/e6d91e1b-e366-5fa9-aef4-9769eb0bf631.mp4,annotations/group_0001/e6d91e1b-e366-5fa9-aef4-9769eb0bf631,Urban;Street Scene,59.94006309148265,740.0,4.628144264221191,4.636352423751687,Daytime,Cloudy,Sparse
019505db-8be0-5ca8-ba41-e19e33e8ca46,1.0,videos/group_0001/019505db-8be0-5ca8-ba41-e19e33e8ca46.mp4,annotations/group_0001/019505db-8be0-5ca8-ba41-e19e33e8ca46,Natural Landscape;Hillside Path,25.0,374.0,4.479338645935059,5.1948218693333335,Daytime,Sunny,Deserted
ba70d6d4-3122-5fc8-bdf5-45513dc5a28f,1.0,videos/group_0001/ba70d6d4-3122-5fc8-bdf5-45513dc5a28f.mp4,annotations/group_0001/ba70d6d4-3122-5fc8-bdf5-45513dc5a28f,Waterfront;Pier,59.94005994005994,459.0,4.718583106994629,4.138853065217392,Daytime,Sunny,Moderate
47741515-02c1-50af-93e7-eb20eb104f5a,1.0,videos/group_0001/47741515-02c1-50af-93e7-eb20eb104f5a.mp4,annotations/group_0001/47741515-02c1-50af-93e7-eb20eb104f5a,Natural Landscape;Desert Formation,29.97002997002997,105.0,4.895633697509766,5.399875018867925,Daytime,Sunny,Deserted
a40b2886-4c30-542c-bb32-f650d3d0a09d,1.0,videos/group_0001/a40b2886-4c30-542c-bb32-f650d3d0a09d.mp4,annotations/group_0001/a40b2886-4c30-542c-bb32-f650d3d0a09d,Urban;Street Scene,30.0,96.0,4.555792808532715,8.667681886597938,Night,Unknown,Crowded
39166fe8-afa9-5d4a-9173-fc2d0ae00d46,1.0,videos/group_0001/39166fe8-afa9-5d4a-9173-fc2d0ae00d46.mp4,annotations/group_0001/39166fe8-afa9-5d4a-9173-fc2d0ae00d46,Urban;Street Scene,60.0,900.0,4.493309020996094,4.321016324084351,Morning,Cloudy,Moderate
24534e6d-93e1-5fd9-b812-b88bfb3c446a,1.0,videos/group_0001/24534e6d-93e1-5fd9-b812-b88bfb3c446a.mp4,annotations/group_0001/24534e6d-93e1-5fd9-b812-b88bfb3c446a,Rural;Tibetan Village,60.0,369.0,4.606778144836426,3.622524035135135,Unknown,Cloudy,Deserted
cf3f42e3-6a4e-5796-8f83-2cbdd9b713a2,1.0,videos/group_0001/cf3f42e3-6a4e-5796-8f83-2cbdd9b713a2.mp4,annotations/group_0001/cf3f42e3-6a4e-5796-8f83-2cbdd9b713a2,Urban;Street Scene,60.0,234.0,4.572898387908936,4.468740723404255,Night,Unknown,Crowded
ca0f2a40-b419-5794-9a10-73ed8277f99d,1.0,videos/group_0001/ca0f2a40-b419-5794-9a10-73ed8277f99d.mp4,annotations/group_0001/ca0f2a40-b419-5794-9a10-73ed8277f99d,Waterfront;Beach and Bay,30.0,450.0,4.972659111022949,5.2853613569844775,Daytime,Sunny,Sparse
c93dd173-51dd-54f9-bead-b835a485db24,1.0,videos/group_0001/c93dd173-51dd-54f9-bead-b835a485db24.mp4,annotations/group_0001/c93dd173-51dd-54f9-bead-b835a485db24,Natural Landscape;Scenic Train Journey,59.94006309148265,899.0,4.5848917961120605,5.091554557777777,Dawn,Sunny,Unknown
4368d7ab-9bb3-557d-88bf-45ae97941829,1.0,videos/group_0001/4368d7ab-9bb3-557d-88bf-45ae97941829.mp4,annotations/group_0001/4368d7ab-9bb3-557d-88bf-45ae97941829,Interior;Decorative Wall Display,23.976023976023978,169.0,4.446758270263672,3.968882294117646,Daytime,Sunny,Deserted
ac6f8af5-695d-5244-8c27-4118ad67decc,1.0,videos/group_0001/ac6f8af5-695d-5244-8c27-4118ad67decc.mp4,annotations/group_0001/ac6f8af5-695d-5244-8c27-4118ad67decc,Urban;Street Scene,59.94005994005994,899.0,4.983304977416992,4.823356354444445,Daytime,Sunny,Deserted
39f05f95-a1bb-5af2-871d-e455c791e50b,1.0,videos/group_0001/39f05f95-a1bb-5af2-871d-e455c791e50b.mp4,annotations/group_0001/39f05f95-a1bb-5af2-871d-e455c791e50b,Urban;Street Scene,59.94006309148265,899.0,4.687252521514893,3.797164253333334,Night,Snowy,Crowded
27705ff4-b40f-567f-bc0f-43e44c6dd8d3,1.0,videos/group_0001/27705ff4-b40f-567f-bc0f-43e44c6dd8d3.mp4,annotations/group_0001/27705ff4-b40f-567f-bc0f-43e44c6dd8d3,Natural Landscape;Snowy Mountain Road,59.94006309148265,899.0,4.959196090698242,5.988031744444443,Unknown,Snowy,Deserted
e88d080f-2b49-5ef0-bea9-19e007b3b92d,1.0,videos/group_0001/e88d080f-2b49-5ef0-bea9-19e007b3b92d.mp4,annotations/group_0001/e88d080f-2b49-5ef0-bea9-19e007b3b92d,Urban;Street Scene,60.0,900.0,4.914133071899414,3.379934300776915,Night,Unknown,Sparse
48f1a79e-1414-5ce8-8123-7603d5826137,1.0,videos/group_0001/48f1a79e-1414-5ce8-8123-7603d5826137.mp4,annotations/group_0001/48f1a79e-1414-5ce8-8123-7603d5826137,Natural Landscape;Forest Path,59.94006309148265,900.0,4.61103105545044,4.37066671809101,Unknown,Cloudy,Sparse
b26f3720-804f-5026-858a-e8ad5f0a4adb,1.0,videos/group_0001/b26f3720-804f-5026-858a-e8ad5f0a4adb.mp4,annotations/group_0001/b26f3720-804f-5026-858a-e8ad5f0a4adb,Natural Landscape;Mountain Trail,59.94006309148265,900.0,4.620272159576416,4.303201847946726,Unknown,Cloudy,Deserted
864e5693-4a33-5b0c-81c3-9b5d0f6ad689,1.0,videos/group_0001/864e5693-4a33-5b0c-81c3-9b5d0f6ad689.mp4,annotations/group_0001/864e5693-4a33-5b0c-81c3-9b5d0f6ad689,Urban;Snowy Street Scene,60.0,900.0,4.827056407928467,3.471337774694784,Unknown,Snowy,Sparse
ee19f241-4a50-5b68-984f-1f0f7c156ab5,1.0,videos/group_0001/ee19f241-4a50-5b68-984f-1f0f7c156ab5.mp4,annotations/group_0001/ee19f241-4a50-5b68-984f-1f0f7c156ab5,Natural Landscape;Park,29.97002997002997,449.0,4.919632911682129,8.811399635555555,Daytime,Sunny,Deserted
57387151-6272-5489-82b9-5e98fa942544,1.0,videos/group_0001/57387151-6272-5489-82b9-5e98fa942544.mp4,annotations/group_0001/57387151-6272-5489-82b9-5e98fa942544,Natural Landscape;Tropical Beach,29.999999879603607,450.0,5.096222877502441,4.110900115299335,Daytime,Sunny,Deserted
f029e1d7-c51f-5ec3-bf76-51f7030b6de9,1.0,videos/group_0001/f029e1d7-c51f-5ec3-bf76-51f7030b6de9.mp4,annotations/group_0001/f029e1d7-c51f-5ec3-bf76-51f7030b6de9,Interior;Room with Doorway,23.976023976023978,79.0,4.44487190246582,3.0543870625000005,Unknown,Unknown,Deserted
d3d46967-fb33-5906-8576-0530cab0ad52,1.0,videos/group_0001/d3d46967-fb33-5906-8576-0530cab0ad52.mp4,annotations/group_0001/d3d46967-fb33-5906-8576-0530cab0ad52,Natural Landscape;Desert Landscape,29.97002997002997,204.0,4.850908279418945,6.233848707317073,Daytime,Sunny,Deserted
0954a6d3-382e-5585-9ebd-00e6786877b0,1.0,videos/group_0001/0954a6d3-382e-5585-9ebd-00e6786877b0.mp4,annotations/group_0001/0954a6d3-382e-5585-9ebd-00e6786877b0,Natural Landscape;Mountain Valley,60.0,900.0,4.747563362121582,4.538975538290788,Daytime (Midday/Noon/Afternoon),Cloudy,Deserted
a59139d0-7fe8-562e-a529-b3ebc80123a3,1.0,videos/group_0001/a59139d0-7fe8-562e-a529-b3ebc80123a3.mp4,annotations/group_0001/a59139d0-7fe8-562e-a529-b3ebc80123a3,Urban;City Street,29.97002997002997,175.0,4.537679195404053,4.1583768693181815,Night,Rainy,Deserted
4fc2a38c-2b8c-5b77-9b7c-2ffa3643af74,1.0,videos/group_0001/4fc2a38c-2b8c-5b77-9b7c-2ffa3643af74.mp4,annotations/group_0001/4fc2a38c-2b8c-5b77-9b7c-2ffa3643af74,Urban;Street Scene,29.97002997002997,300.0,4.6627197265625,4.928579139534883,Night,Rainy,Deserted
38fc23dd-74b3-56f7-a2ba-b5b137d28d90,1.0,videos/group_0001/38fc23dd-74b3-56f7-a2ba-b5b137d28d90.mp4,annotations/group_0001/38fc23dd-74b3-56f7-a2ba-b5b137d28d90,Rural;Park,60.0,150.0,4.609123706817627,7.713106317880794,Daytime (Midday/Noon/Afternoon),Cloudy,Sparse
41af8295-d5c4-5c30-8d61-e59be1b03033,1.0,videos/group_0001/41af8295-d5c4-5c30-8d61-e59be1b03033.mp4,annotations/group_0001/41af8295-d5c4-5c30-8d61-e59be1b03033,Natural Landscape;Forest Railway,50.0,750.0,4.780566692352295,7.9747366884154465,Unknown,Cloudy,Deserted
367cda01-c05c-5ac1-a2f0-32ebeef515d8,1.0,videos/group_0001/367cda01-c05c-5ac1-a2f0-32ebeef515d8.mp4,annotations/group_0001/367cda01-c05c-5ac1-a2f0-32ebeef515d8,Rural;Residential Homestead,60.0,462.0,4.906869888305664,6.93298214686825,Daytime,Sunny,Deserted
d86e9b2b-9fbf-5c4b-8720-6c7cc3f4c736,1.0,videos/group_0001/d86e9b2b-9fbf-5c4b-8720-6c7cc3f4c736.mp4,annotations/group_0001/d86e9b2b-9fbf-5c4b-8720-6c7cc3f4c736,Urban;Nighttime Street Scene,59.94006309148265,234.0,4.938685417175293,8.616905306382979,Night,Unknown,Crowded
b38fea15-be8c-50f6-ac4a-a1eb0b0942cf,1.0,videos/group_0001/b38fea15-be8c-50f6-ac4a-a1eb0b0942cf.mp4,annotations/group_0001/b38fea15-be8c-50f6-ac4a-a1eb0b0942cf,Urban;Street Scene,59.94006309148265,543.0,4.433087348937988,5.424153213235294,Daytime (Midday/Noon/Afternoon),Cloudy,Sparse
af0cb331-6fd8-5f2d-a129-d0b6e8ac8c4c,1.0,videos/group_0001/af0cb331-6fd8-5f2d-a129-d0b6e8ac8c4c.mp4,annotations/group_0001/af0cb331-6fd8-5f2d-a129-d0b6e8ac8c4c,Rural;Mountain Village Street,60.0,900.0,4.402712821960449,3.657492834628192,Daytime,Sunny,Moderate
6423ad26-42f3-58bb-8440-098bc87103ce,1.0,videos/group_0001/6423ad26-42f3-58bb-8440-098bc87103ce.mp4,annotations/group_0001/6423ad26-42f3-58bb-8440-098bc87103ce,Interior;Dining Room,30.0,84.0,4.645626068115234,6.512183976470587,Daytime,Sunny,Deserted
4f11705d-afdd-573d-a115-2219e61767c6,1.0,videos/group_0001/4f11705d-afdd-573d-a115-2219e61767c6.mp4,annotations/group_0001/4f11705d-afdd-573d-a115-2219e61767c6,Interior;Bathroom,29.97002997002997,84.0,4.8541998863220215,3.526695211764706,Unknown,Unknown,Unknown
e2918a71-5f95-5240-ba56-1bc9eea00368,1.0,videos/group_0001/e2918a71-5f95-5240-ba56-1bc9eea00368.mp4,annotations/group_0001/e2918a71-5f95-5240-ba56-1bc9eea00368,Urban;Street Scene,30.0,450.0,4.60241174697876,4.206006055432373,Daytime,Rainy,Sparse
e24ebd1c-bb67-5e46-b658-2aded973dec0,1.0,videos/group_0001/e24ebd1c-bb67-5e46-b658-2aded973dec0.mp4,annotations/group_0001/e24ebd1c-bb67-5e46-b658-2aded973dec0,Rural;Village Scene,60.0,837.0,4.747073650360107,6.267794417661099,Dusk/Evening,Sunny,Deserted
ff26791e-ad9e-5d63-adae-deae9654b246,1.0,videos/group_0001/ff26791e-ad9e-5d63-adae-deae9654b246.mp4,annotations/group_0001/ff26791e-ad9e-5d63-adae-deae9654b246,Natural Landscape;Mountain Road,60.0,900.0,4.6023383140563965,4.9316159522752505,Daytime,Cloudy,Deserted
39e7698c-2722-5737-9cc6-6b4a6dd37be8,1.0,videos/group_0001/39e7698c-2722-5737-9cc6-6b4a6dd37be8.mp4,annotations/group_0001/39e7698c-2722-5737-9cc6-6b4a6dd37be8,Urban;Street Scene,60.0,900.0,4.671657085418701,3.073481644839068,Daytime (Midday/Noon/Afternoon),Sunny,Moderate
4262f55e-374a-5859-b2bf-65fae37beb30,1.0,videos/group_0001/4262f55e-374a-5859-b2bf-65fae37beb30.mp4,annotations/group_0001/4262f55e-374a-5859-b2bf-65fae37beb30,Rural;Small Town Street,60.0,408.0,4.435184478759766,3.739615344743276,Daytime,Sunny,Deserted
4ae5732b-b68d-56c0-923e-3f1547f74642,1.0,videos/group_0001/4ae5732b-b68d-56c0-923e-3f1547f74642.mp4,annotations/group_0001/4ae5732b-b68d-56c0-923e-3f1547f74642,Rural;Graveyard,29.97002997002997,449.0,4.58414363861084,4.141404564444445,Unknown,Cloudy,Deserted
a0efcdb0-c0ec-52c0-b981-5140bf3f8c5d,1.0,videos/group_0001/a0efcdb0-c0ec-52c0-b981-5140bf3f8c5d.mp4,annotations/group_0001/a0efcdb0-c0ec-52c0-b981-5140bf3f8c5d,Rural;Village Scene,60.0,204.0,4.89822244644165,6.794739482926829,Daytime,Sunny,Deserted
3189593f-76e1-5aa5-aaf7-4c3e1338b43f,1.0,videos/group_0001/3189593f-76e1-5aa5-aaf7-4c3e1338b43f.mp4,annotations/group_0001/3189593f-76e1-5aa5-aaf7-4c3e1338b43f,Urban;Alleyway,60.0,198.0,4.64098072052002,8.873337477386935,Daytime,Sunny,Deserted
d33830fb-9328-5155-8089-c2b55fb16ec9,1.0,videos/group_0001/d33830fb-9328-5155-8089-c2b55fb16ec9.mp4,annotations/group_0001/d33830fb-9328-5155-8089-c2b55fb16ec9,Rural;Village Scene,29.97002997002997,333.0,4.890617370605469,4.437028440119761,Unknown,Cloudy,Deserted
22b543e7-9d28-5496-a06d-bc945eb19b23,1.0,videos/group_0001/22b543e7-9d28-5496-a06d-bc945eb19b23.mp4,annotations/group_0001/22b543e7-9d28-5496-a06d-bc945eb19b23,Urban;Street Scene,60.0,144.0,4.842322826385498,5.306490282758621,Night,Rainy,Sparse
a8855f72-30b7-5e3f-8afc-72999bbe1fee,1.0,videos/group_0001/a8855f72-30b7-5e3f-8afc-72999bbe1fee.mp4,annotations/group_0001/a8855f72-30b7-5e3f-8afc-72999bbe1fee,Natural Landscape;Desert Road,29.97002997002997,239.0,4.560429573059082,4.757008379166667,Daytime,Sunny,Deserted
e890e705-a5a4-5d4c-a44b-41e7b5e9ffc0,1.0,videos/group_0001/e890e705-a5a4-5d4c-a44b-41e7b5e9ffc0.mp4,annotations/group_0001/e890e705-a5a4-5d4c-a44b-41e7b5e9ffc0,Urban;Street Scene,60.0,900.0,4.7995476722717285,6.199240163152052,Daytime,Sunny,Moderate
4fa1d32e-31a9-5400-a60b-c26ea9073fab,1.0,videos/group_0001/4fa1d32e-31a9-5400-a60b-c26ea9073fab.mp4,annotations/group_0001/4fa1d32e-31a9-5400-a60b-c26ea9073fab,Urban;Street Scene,60.0,900.0,4.703404903411865,3.14225923418424,Daytime (Midday/Noon/Afternoon),Sunny,Crowded
739cd1ee-0b86-546f-b69b-b6da16c0fe52,1.0,videos/group_0001/739cd1ee-0b86-546f-b69b-b6da16c0fe52.mp4,annotations/group_0001/739cd1ee-0b86-546f-b69b-b6da16c0fe52,Urban;Street Scene,60.0,204.0,4.891848564147949,5.5319715170731705,Daytime (Midday/Noon/Afternoon),Cloudy,Deserted
42e5aee0-7ebf-5dd1-b512-d516772d67ed,1.0,videos/group_0001/42e5aee0-7ebf-5dd1-b512-d516772d67ed.mp4,annotations/group_0001/42e5aee0-7ebf-5dd1-b512-d516772d67ed,Urban;Elevated Walkway,59.94006309148265,899.0,5.02390718460083,4.715467726666667,Dawn,Sunny,Moderate
65612f9c-b702-5626-a4e9-5ddbea42149d,1.0,videos/group_0001/65612f9c-b702-5626-a4e9-5ddbea42149d.mp4,annotations/group_0001/65612f9c-b702-5626-a4e9-5ddbea42149d,Urban;Street Scene,29.97002997002997,450.0,4.668628692626953,3.7768621751662974,Night,Rainy,Deserted
08bf1be7-6150-5139-9052-7069c63ebe69,1.0,videos/group_0001/08bf1be7-6150-5139-9052-7069c63ebe69.mp4,annotations/group_0001/08bf1be7-6150-5139-9052-7069c63ebe69,Interior;Wooden Bridge,60.0,708.0,4.441656112670898,4.568970798307475,Daytime (Midday/Noon/Afternoon),Unknown,Deserted
818f674f-f715-527f-a35c-034fefacc209,1.0,videos/group_0001/818f674f-f715-527f-a35c-034fefacc209.mp4,annotations/group_0001/818f674f-f715-527f-a35c-034fefacc209,Natural Landscape;Forest Path,59.94005994005994,899.0,4.655354499816895,4.266524726666667,Unknown,Cloudy,Deserted
df9987c4-aa54-5777-80fc-aa2139541c6a,1.0,videos/group_0001/df9987c4-aa54-5777-80fc-aa2139541c6a.mp4,annotations/group_0001/df9987c4-aa54-5777-80fc-aa2139541c6a,Urban;Street Scene,59.94006309148265,899.0,4.423440933227539,4.531936185555555,Daytime,Sunny,Moderate
e11749be-708e-5f5b-9571-2e87d24738d1,1.0,videos/group_0001/e11749be-708e-5f5b-9571-2e87d24738d1.mp4,annotations/group_0001/e11749be-708e-5f5b-9571-2e87d24738d1,Natural Landscape;Canyon,29.97165054516584,449.0,4.871721267700195,7.065445104444444,Daytime,Sunny,Deserted
d3ffaff5-f173-5134-951b-79a29cde05f1,1.0,videos/group_0001/d3ffaff5-f173-5134-951b-79a29cde05f1.mp4,annotations/group_0001/d3ffaff5-f173-5134-951b-79a29cde05f1,Natural Landscape;Mountain Trail,29.97002997002997,449.0,5.013764381408691,4.237591244444444,Daytime (Midday/Noon/Afternoon),Sunny,Deserted
1a788cfb-97a1-5aa6-bbb0-fecf3d89c1de,1.0,videos/group_0001/1a788cfb-97a1-5aa6-bbb0-fecf3d89c1de.mp4,annotations/group_0001/1a788cfb-97a1-5aa6-bbb0-fecf3d89c1de,Urban;Street Scene,30.0,99.0,4.803555488586426,8.26822555,Daytime (Midday/Noon/Afternoon),Rainy,Moderate
65c2421b-f846-528b-a5f7-5199057e8539,1.0,videos/group_0001/65c2421b-f846-528b-a5f7-5199057e8539.mp4,annotations/group_0001/65c2421b-f846-528b-a5f7-5199057e8539,Natural Landscape;Forest Trail,29.97002997002997,450.0,4.619507312774658,6.171086188470066,Daytime,Sunny,Deserted
7ae19eef-153e-52fa-b788-c1b1fc9f52d8,1.0,videos/group_0001/7ae19eef-153e-52fa-b788-c1b1fc9f52d8.mp4,annotations/group_0001/7ae19eef-153e-52fa-b788-c1b1fc9f52d8,Interior;Living Room,23.976023976023978,97.0,5.206553936004639,5.845623632653061,Daytime,Sunny,Deserted
704d9a6d-38d3-5606-8ce3-b5a0bd1487a7,1.0,videos/group_0001/704d9a6d-38d3-5606-8ce3-b5a0bd1487a7.mp4,annotations/group_0001/704d9a6d-38d3-5606-8ce3-b5a0bd1487a7,Urban;Street Scene,59.94006309148265,502.0,5.046163558959961,3.9305481809145126,Daytime,Snowy,Deserted
ee528041-8ba7-5757-b3c2-27ffebcac93a,1.0,videos/group_0001/ee528041-8ba7-5757-b3c2-27ffebcac93a.mp4,annotations/group_0001/ee528041-8ba7-5757-b3c2-27ffebcac93a,Urban;Cafe Scene,30.0,210.0,4.75885820388794,6.691082507109004,Night,Unknown,Moderate
2c59c016-86b4-5f3e-a9c0-d032fd36d903,1.0,videos/group_0001/2c59c016-86b4-5f3e-a9c0-d032fd36d903.mp4,annotations/group_0001/2c59c016-86b4-5f3e-a9c0-d032fd36d903,Urban;Street Scene,30.0,450.0,4.535820960998535,3.241554592017738,Daytime,Rainy,Sparse
dbf3aa99-7706-53ec-b1ea-e48e1d93a561,1.0,videos/group_0001/dbf3aa99-7706-53ec-b1ea-e48e1d93a561.mp4,annotations/group_0001/dbf3aa99-7706-53ec-b1ea-e48e1d93a561,Urban;Park Pathway,59.94006309148265,159.0,4.901772499084473,8.90210675625,Daytime (Midday/Noon/Afternoon),Sunny,Sparse
b77cea99-ccf6-53d2-8352-8b64d7f51c8c,1.0,videos/group_0001/b77cea99-ccf6-53d2-8352-8b64d7f51c8c.mp4,annotations/group_0001/b77cea99-ccf6-53d2-8352-8b64d7f51c8c,Urban;Street Scene,30.0,450.0,4.723571300506592,4.5286231507760535,Night,Rainy,Sparse
3d2084f8-0a33-5832-bd08-f35e79cebcc1,1.0,videos/group_0001/3d2084f8-0a33-5832-bd08-f35e79cebcc1.mp4,annotations/group_0001/3d2084f8-0a33-5832-bd08-f35e79cebcc1,Urban;Alleyway,60.0,900.0,4.582106113433838,3.430279985571587,Daytime,Snowy,Deserted
882cdd33-fd6b-5e40-b24b-86c6d5f7f774,1.0,videos/group_0001/882cdd33-fd6b-5e40-b24b-86c6d5f7f774.mp4,annotations/group_0001/882cdd33-fd6b-5e40-b24b-86c6d5f7f774,Urban;Street Scene,59.94006309148265,899.0,4.82343864440918,5.333642796666667,Daytime (Midday/Noon/Afternoon),Sunny,Moderate
7474593d-8d95-54a4-b5ca-8c01613ef748,1.0,videos/group_0001/7474593d-8d95-54a4-b5ca-8c01613ef748.mp4,annotations/group_0001/7474593d-8d95-54a4-b5ca-8c01613ef748,Urban;Street Scene,60.0,900.0,4.445366859436035,4.513921340732519,Daytime (Midday/Noon/Afternoon),Cloudy,Deserted
49f9a59b-06bc-5595-95c8-806cdeb4b031,1.0,videos/group_0001/49f9a59b-06bc-5595-95c8-806cdeb4b031.mp4,annotations/group_0001/49f9a59b-06bc-5595-95c8-806cdeb4b031,Urban;Cafe Storefront,30.0,174.0,4.557282447814941,4.665197211428572,Night,Rainy,Sparse
14478816-57f4-5988-8c71-b5f72bba0552,1.0,videos/group_0001/14478816-57f4-5988-8c71-b5f72bba0552.mp4,annotations/group_0001/14478816-57f4-5988-8c71-b5f72bba0552,Natural Landscape;Forest Road,59.94006309148265,207.0,4.4418230056762695,8.25753197596154,Daytime,Sunny,Deserted
71682740-945c-5fb5-9b7c-7d8e00b63d40,1.0,videos/group_0001/71682740-945c-5fb5-9b7c-7d8e00b63d40.mp4,annotations/group_0001/71682740-945c-5fb5-9b7c-7d8e00b63d40,Waterfront;Marina,25.0,114.0,4.951592445373535,8.859144443478261,Daytime (Midday/Noon/Afternoon),Sunny,Sparse
e44dcf14-52ec-535f-b6d5-cafd4d600ae3,1.0,videos/group_0001/e44dcf14-52ec-535f-b6d5-cafd4d600ae3.mp4,annotations/group_0001/e44dcf14-52ec-535f-b6d5-cafd4d600ae3,Natural Landscape;Mountain Road,59.94006309148265,381.0,4.591451644897461,8.109481918848166,Daytime,Sunny,Moderate
29e96e1c-b94a-55f0-9db8-4b44f844d5ad,1.0,videos/group_0001/29e96e1c-b94a-55f0-9db8-4b44f844d5ad.mp4,annotations/group_0001/29e96e1c-b94a-55f0-9db8-4b44f844d5ad,Natural Landscape;Park/Garden,30.00016809418252,450.0,4.475893974304199,5.419704399113082,Unknown,Rainy,Deserted
0db30516-c51b-508b-a8c7-6e3f632004f3,1.0,videos/group_0001/0db30516-c51b-508b-a8c7-6e3f632004f3.mp4,annotations/group_0001/0db30516-c51b-508b-a8c7-6e3f632004f3,Natural Landscape;Mountain Road,60.0,186.0,4.709300994873047,4.824377700534759,Daytime (Midday/Noon/Afternoon),Cloudy,Deserted
73e79987-6a07-5876-b718-62ea5fc708ac,1.0,videos/group_0001/73e79987-6a07-5876-b718-62ea5fc708ac.mp4,annotations/group_0001/73e79987-6a07-5876-b718-62ea5fc708ac,Urban;Rooftop Patio,59.94005994005994,150.0,4.530619621276856,3.99861257615894,Daytime,Sunny,Deserted
db1a5e7c-b239-5a80-b71e-2b30cf852ded,1.0,videos/group_0001/db1a5e7c-b239-5a80-b71e-2b30cf852ded.mp4,annotations/group_0001/db1a5e7c-b239-5a80-b71e-2b30cf852ded,Urban;Street Scene,60.0,900.0,4.790217399597168,4.130615360710322,Daytime (Midday/Noon/Afternoon),Cloudy,Moderate
2fbc0683-5277-55ad-a990-dd7c77976d96,1.0,videos/group_0001/2fbc0683-5277-55ad-a990-dd7c77976d96.mp4,annotations/group_0001/2fbc0683-5277-55ad-a990-dd7c77976d96,Rural;Forest Road,29.971666063669005,450.0,4.484540939331055,6.399679458980044,Dawn/Morning,Cloudy,Deserted
8e84d5ac-472a-5553-a141-1b2eb90fe78d,1.0,videos/group_0001/8e84d5ac-472a-5553-a141-1b2eb90fe78d.mp4,annotations/group_0001/8e84d5ac-472a-5553-a141-1b2eb90fe78d,Natural Landscape;Mountain Train Journey,59.94005994005994,899.0,4.898059844970703,4.050961476666667,Dawn/Evening,Cloudy,Sparse
a884fb06-ac39-5950-a2b4-288bf4d93efe,1.0,videos/group_0001/a884fb06-ac39-5950-a2b4-288bf4d93efe.mp4,annotations/group_0001/a884fb06-ac39-5950-a2b4-288bf4d93efe,Urban;City Street,23.976023976023978,52.0,4.747312068939209,8.217274433962263,Night,Rainy,Deserted
5155cb32-ebcc-5b47-9631-c5349e018a24,1.0,videos/group_0001/5155cb32-ebcc-5b47-9631-c5349e018a24.mp4,annotations/group_0001/5155cb32-ebcc-5b47-9631-c5349e018a24,Natural Landscape;Forest Path,60.00791094066483,573.0,4.721606254577637,8.267902536585366,Daytime,Sunny,Deserted
28058510-ed89-5c8c-aed7-e5066e07cf03,1.0,videos/group_0001/28058510-ed89-5c8c-aed7-e5066e07cf03.mp4,annotations/group_0001/28058510-ed89-5c8c-aed7-e5066e07cf03,Urban;Street Scene,59.94006309148265,899.0,4.845319747924805,3.333123848888889,Daytime (Midday/Noon/Afternoon),Unknown,Sparse
f35b68b8-2ba8-5dc0-a884-49ab45189daa,1.0,videos/group_0001/f35b68b8-2ba8-5dc0-a884-49ab45189daa.mp4,annotations/group_0001/f35b68b8-2ba8-5dc0-a884-49ab45189daa,Natural Landscape;Forest Trail,59.94006309148265,165.0,4.442157745361328,7.478784777108434,Daytime,Cloudy,Deserted
63e1008d-5f34-5cb5-8c78-c93e44085150,1.0,videos/group_0001/63e1008d-5f34-5cb5-8c78-c93e44085150.mp4,annotations/group_0001/63e1008d-5f34-5cb5-8c78-c93e44085150,Urban;Street Scene,60.0,900.0,4.409539699554443,6.177981902330743,Daytime,Sunny,Moderate
2c5aa100-5505-5887-aad3-565197c23d67,1.0,videos/group_0001/2c5aa100-5505-5887-aad3-565197c23d67.mp4,annotations/group_0001/2c5aa100-5505-5887-aad3-565197c23d67,Urban;Cobblestone Street,59.94006309148265,435.0,5.203742504119873,4.279486855504587,Unknown,Cloudy,Deserted
3da80140-ccc3-5128-b5a9-1c06d33b1715,1.0,videos/group_0001/3da80140-ccc3-5128-b5a9-1c06d33b1715.mp4,annotations/group_0001/3da80140-ccc3-5128-b5a9-1c06d33b1715,Urban;Rainy Street Scene,30.0,450.0,4.7983717918396,4.858934017738359,Night,Rainy,Sparse
55864e76-f610-547f-b41f-23c0b2e3b8ad,1.0,videos/group_0001/55864e76-f610-547f-b41f-23c0b2e3b8ad.mp4,annotations/group_0001/55864e76-f610-547f-b41f-23c0b2e3b8ad,Natural Landscape;Mountain Valley,59.94876665803184,899.0,4.919046401977539,8.083225251111111,Daytime,Sunny,Deserted
db9e1fb6-327e-570b-828d-9cb9909c8570,1.0,videos/group_0001/db9e1fb6-327e-570b-828d-9cb9909c8570.mp4,annotations/group_0001/db9e1fb6-327e-570b-828d-9cb9909c8570,Natural Landscape;Mountain Railway,59.94006309148265,899.0,4.762416362762451,5.669750991111111,Unknown,Cloudy,Deserted
fb4c9325-34c8-5fac-802c-6e9493886359,1.0,videos/group_0001/fb4c9325-34c8-5fac-802c-6e9493886359.mp4,annotations/group_0001/fb4c9325-34c8-5fac-802c-6e9493886359,Urban;Residential Street,30.0,450.0,4.443611145019531,3.144826312638581,Unknown,Rainy,Sparse
2dedbb19-dcc6-5a95-9cbb-ede386fe9730,1.0,videos/group_0001/2dedbb19-dcc6-5a95-9cbb-ede386fe9730.mp4,annotations/group_0001/2dedbb19-dcc6-5a95-9cbb-ede386fe9730,Natural Landscape;Desert Landscape,29.97002997002997,195.0,4.747048854827881,6.061096612244898,Daytime,Sunny,Deserted
a2d88e09-1e1f-5196-b84f-178e403439ec,1.0,videos/group_0001/a2d88e09-1e1f-5196-b84f-178e403439ec.mp4,annotations/group_0001/a2d88e09-1e1f-5196-b84f-178e403439ec,Urban;Rainy Street Scene,30.0,450.0,5.104389667510986,3.981780685144124,Night,Rainy,Deserted
c109c537-e9af-528c-9ed2-1ca7e0f37b7f,1.0,videos/group_0001/c109c537-e9af-528c-9ed2-1ca7e0f37b7f.mp4,annotations/group_0001/c109c537-e9af-528c-9ed2-1ca7e0f37b7f,Interior;Kitchen Table,25.0,66.0,5.491982460021973,5.747786850746268,Daytime,Sunny,Deserted
fa3805d5-8502-5328-a761-96b1be1f8b61,1.0,videos/group_0001/fa3805d5-8502-5328-a761-96b1be1f8b61.mp4,annotations/group_0001/fa3805d5-8502-5328-a761-96b1be1f8b61,Urban;Street Scene,30.0,450.0,4.601508617401123,5.246864188470066,Daytime,Rainy,Sparse
b8518f81-efc1-51b1-a116-9203a187de8f,1.0,videos/group_0001/b8518f81-efc1-51b1-a116-9203a187de8f.mp4,annotations/group_0001/b8518f81-efc1-51b1-a116-9203a187de8f,Interior;Bedroom,29.97002997002997,93.0,4.856634140014648,3.100748489361703,Daytime (Midday/Noon/Afternoon),Unknown,Unknown
62daefe6-4750-57c5-be3a-93810b84f034,1.0,videos/group_0001/62daefe6-4750-57c5-be3a-93810b84f034.mp4,annotations/group_0001/62daefe6-4750-57c5-be3a-93810b84f034,Rural;Mountain Village Road,60.0,900.0,4.597747802734375,4.170688015538291,Daytime,Sunny,Deserted
3f7957a9-c6a2-5332-8c2d-800aea8db280,1.0,videos/group_0001/3f7957a9-c6a2-5332-8c2d-800aea8db280.mp4,annotations/group_0001/3f7957a9-c6a2-5332-8c2d-800aea8db280,Interior;Museum,29.97002997002997,87.0,4.845998764038086,7.163391159090909,Daytime,Sunny,Moderate
3afac10c-8a55-5b6a-87be-601dcfe62afa,1.0,videos/group_0001/3afac10c-8a55-5b6a-87be-601dcfe62afa.mp4,annotations/group_0001/3afac10c-8a55-5b6a-87be-601dcfe62afa,Urban;Street Scene,60.0,195.0,4.412759304046631,3.718644096938776,Daytime (Midday/Noon/Afternoon),Rainy,Moderate
eb362fee-0700-5770-ab3b-ad6354860063,1.0,videos/group_0001/eb362fee-0700-5770-ab3b-ad6354860063.mp4,annotations/group_0001/eb362fee-0700-5770-ab3b-ad6354860063,Interior;Dining Room,25.0,108.0,4.574533462524414,4.96115756880734,Daytime,Sunny,Deserted
0d1deae6-6ea0-5e67-b2e0-b842308e4420,1.0,videos/group_0001/0d1deae6-6ea0-5e67-b2e0-b842308e4420.mp4,annotations/group_0001/0d1deae6-6ea0-5e67-b2e0-b842308e4420,Rural;Abandoned Railway,29.97002997002997,387.0,4.713584899902344,5.569491391752578,Unknown,Cloudy,Deserted
618b6cb5-e81a-571e-915e-53663d3ea507,1.0,videos/group_0001/618b6cb5-e81a-571e-915e-53663d3ea507.mp4,annotations/group_0001/618b6cb5-e81a-571e-915e-53663d3ea507,Rural;Alpine Village Street,60.0,216.0,5.018295764923096,4.627035428571428,Day,Sunny,Deserted
c1f767e9-5034-5bb2-8a8a-4df1087eee7b,1.0,videos/group_0001/c1f767e9-5034-5bb2-8a8a-4df1087eee7b.mp4,annotations/group_0001/c1f767e9-5034-5bb2-8a8a-4df1087eee7b,Urban;Alleyway,59.94006309148265,291.0,4.700785636901856,5.212553722602739,Daytime,Sunny,Moderate
755c7395-f3c3-54fa-bb01-a0e0b6a3753e,1.0,videos/group_0001/755c7395-f3c3-54fa-bb01-a0e0b6a3753e.mp4,annotations/group_0001/755c7395-f3c3-54fa-bb01-a0e0b6a3753e,Natural Landscape;Mountain Highway,60.0,900.0,4.466402053833008,5.875084701442842,Daytime,Sunny,Sparse
1896c200-5f5c-5160-aa69-05e678b98456,1.0,videos/group_0001/1896c200-5f5c-5160-aa69-05e678b98456.mp4,annotations/group_0001/1896c200-5f5c-5160-aa69-05e678b98456,Urban;Night Market Display,50.0,141.0,5.209193706512451,5.952199492957747,Night,Unknown,Unknown
e63b3d18-6f3d-5ca9-8dfe-7d0f39c45db0,1.0,videos/group_0001/e63b3d18-6f3d-5ca9-8dfe-7d0f39c45db0.mp4,annotations/group_0001/e63b3d18-6f3d-5ca9-8dfe-7d0f39c45db0,Urban;Street Scene,60.0,228.0,4.624011993408203,5.778871362445416,Night,Rainy,Crowded
036a152c-16fb-591f-bd22-c67f41107f98,1.0,videos/group_0001/036a152c-16fb-591f-bd22-c67f41107f98.mp4,annotations/group_0001/036a152c-16fb-591f-bd22-c67f41107f98,Urban;Campus Sidewalk,60.0,639.0,4.53085470199585,3.3470927625,Daytime,Sunny,Sparse
48c21afc-dd96-5326-8fec-525da4d10d10,1.0,videos/group_0001/48c21afc-dd96-5326-8fec-525da4d10d10.mp4,annotations/group_0001/48c21afc-dd96-5326-8fec-525da4d10d10,Urban;Street Scene,30.0,450.0,4.461847305297852,3.2573595498891352,Daytime,Rainy,Sparse
8e8219f3-e9b2-56af-8690-ebaf0921791c,1.0,videos/group_0001/8e8219f3-e9b2-56af-8690-ebaf0921791c.mp4,annotations/group_0001/8e8219f3-e9b2-56af-8690-ebaf0921791c,Natural Landscape;Park Path,60.0,189.0,4.551722526550293,5.639002684210527,Dawn/Evening,Cloudy,Sparse
f93bc112-f50f-5708-9083-e9030cf928ca,1.0,videos/group_0001/f93bc112-f50f-5708-9083-e9030cf928ca.mp4,annotations/group_0001/f93bc112-f50f-5708-9083-e9030cf928ca,Natural Landscape;Forest Path,59.94005994005994,846.0,4.882915496826172,4.021181266824085,Daytime,Cloudy,Deserted
9db671b0-4b36-505d-a4af-e4578bbe5608,1.0,videos/group_0001/9db671b0-4b36-505d-a4af-e4578bbe5608.mp4,annotations/group_0001/9db671b0-4b36-505d-a4af-e4578bbe5608,Natural Landscape;Canyon Road,29.97002997002997,449.0,5.0531744956970215,6.22733486,Daytime,Sunny,Deserted
d8753378-0055-5b2e-92bd-dd2591b0a0ea,1.0,videos/group_0001/d8753378-0055-5b2e-92bd-dd2591b0a0ea.mp4,annotations/group_0001/d8753378-0055-5b2e-92bd-dd2591b0a0ea,Natural Landscape;Mountain Road,59.94006309148265,798.0,4.590400695800781,4.776799540675845,Daytime,Sunny,Sparse
69593f54-b50a-5c03-9733-3a4080dbff0f,1.0,videos/group_0001/69593f54-b50a-5c03-9733-3a4080dbff0f.mp4,annotations/group_0001/69593f54-b50a-5c03-9733-3a4080dbff0f,Natural Landscape;Lakeside View,60.0,900.0,5.909045219421387,3.4865990033296343,Daytime (Midday/Noon/Afternoon),Cloudy,Deserted
6c2b6adf-620e-5e24-b569-7ab48ca4d2c5,1.0,videos/group_0001/6c2b6adf-620e-5e24-b569-7ab48ca4d2c5.mp4,annotations/group_0001/6c2b6adf-620e-5e24-b569-7ab48ca4d2c5,Urban;Street Scene,29.97002997002997,450.0,4.725522994995117,4.793551002217295,Night,Rainy,Deserted
c0761acc-57d1-5c66-88b9-5895b8dd3303,1.0,videos/group_0001/c0761acc-57d1-5c66-88b9-5895b8dd3303.mp4,annotations/group_0001/c0761acc-57d1-5c66-88b9-5895b8dd3303,Rural;Mountain Village,60.0,546.0,5.082144737243652,3.001103146252285,Unknown,Cloudy,Sparse
97bc208e-6026-5de5-8f5b-af1439bdb573,1.0,videos/group_0001/97bc208e-6026-5de5-8f5b-af1439bdb573.mp4,annotations/group_0001/97bc208e-6026-5de5-8f5b-af1439bdb573,Rural;Hillside Village,60.0,192.0,4.709527492523193,4.380806626943005,Daytime,Cloudy,Deserted
70c6215e-bcf9-53ee-8c04-c7640823de80,1.0,videos/group_0001/70c6215e-bcf9-53ee-8c04-c7640823de80.mp4,annotations/group_0001/70c6215e-bcf9-53ee-8c04-c7640823de80,Rural;Village Alleyway,60.0,522.0,4.827576637268066,5.201365801147228,Unknown,Unknown,Deserted
89075865-f370-5fd5-9328-8964b0e37fe7,1.0,videos/group_0001/89075865-f370-5fd5-9328-8964b0e37fe7.mp4,annotations/group_0001/89075865-f370-5fd5-9328-8964b0e37fe7,Rural;Mountain Road,59.94006309148265,498.0,4.774771213531494,6.185361376753506,Unknown,Snowy,Deserted
cf74006f-81f6-5d2f-a681-681c91e6f29b,1.0,videos/group_0001/cf74006f-81f6-5d2f-a681-681c91e6f29b.mp4,annotations/group_0001/cf74006f-81f6-5d2f-a681-681c91e6f29b,Natural Landscape;Railway Track,59.94005994005994,899.0,4.425712585449219,8.078459204444446,Daytime,Sunny,Deserted
89365971-ef78-5dbc-9fdf-d6c8c30320a9,1.0,videos/group_0001/89365971-ef78-5dbc-9fdf-d6c8c30320a9.mp4,annotations/group_0001/89365971-ef78-5dbc-9fdf-d6c8c30320a9,Urban;Street Scene,30.0,345.0,4.834466934204102,4.241402757225433,Night,Rainy,Sparse
68f9c4eb-1893-5a5b-8240-a6e952fed932,1.0,videos/group_0001/68f9c4eb-1893-5a5b-8240-a6e952fed932.mp4,annotations/group_0001/68f9c4eb-1893-5a5b-8240-a6e952fed932,Urban;Street Scene,29.97002997002997,282.0,4.737260341644287,7.071907600706713,Night,Rainy,Deserted
be0e17d5-13c8-5e26-a900-d4c955234fa0,1.0,videos/group_0001/be0e17d5-13c8-5e26-a900-d4c955234fa0.mp4,annotations/group_0001/be0e17d5-13c8-5e26-a900-d4c955234fa0,Rural;Countryside Landscape,60.0,312.0,4.973371505737305,4.559562642172525,Daytime,Sunny,Deserted
5feff644-01b8-5bf8-9423-82ba8c1f2075,1.0,videos/group_0001/5feff644-01b8-5bf8-9423-82ba8c1f2075.mp4,annotations/group_0001/5feff644-01b8-5bf8-9423-82ba8c1f2075,Rural;Mountain Road,60.0,900.0,5.1544108390808105,4.384444082130965,Daytime (Midday/Noon/Afternoon),Rainy,Sparse
69e67947-c494-5364-9549-72cb8de4ab23,1.0,videos/group_0001/69e67947-c494-5364-9549-72cb8de4ab23.mp4,annotations/group_0001/69e67947-c494-5364-9549-72cb8de4ab23,Urban;Street Scene,30.0,264.0,5.015292167663574,5.930150773584906,Daytime,Sunny,Moderate
61b355a2-7fe3-5a36-bc23-79c111e8fd1b,1.0,videos/group_0001/61b355a2-7fe3-5a36-bc23-79c111e8fd1b.mp4,annotations/group_0001/61b355a2-7fe3-5a36-bc23-79c111e8fd1b,Interior;Dining Room,29.97002997002997,180.0,5.08778190612793,3.5196214364640883,Daytime (Midday/Noon/Afternoon),Unknown,Deserted
3725794f-c1ce-5562-a957-a555d87c5296,1.0,videos/group_0001/3725794f-c1ce-5562-a957-a555d87c5296.mp4,annotations/group_0001/3725794f-c1ce-5562-a957-a555d87c5296,Urban;Street Scene,59.94006309148265,899.0,4.709325790405273,3.1373601166666667,Daytime,Cloudy,Deserted
c31dcb85-c5bf-5473-8133-2918b9695bb7,1.0,videos/group_0001/c31dcb85-c5bf-5473-8133-2918b9695bb7.mp4,annotations/group_0001/c31dcb85-c5bf-5473-8133-2918b9695bb7,Urban;Street Scene,59.94006309148265,899.0,4.752477169036865,6.001646571111111,Daytime,Sunny,Sparse
ed3afafe-8679-56c2-ac09-bf66ff9462e9,1.0,videos/group_0001/ed3afafe-8679-56c2-ac09-bf66ff9462e9.mp4,annotations/group_0001/ed3afafe-8679-56c2-ac09-bf66ff9462e9,Urban;Street Scene,60.0,201.0,4.687688827514648,8.506670381188119,Daytime,Cloudy,Sparse
b97f6249-3301-56eb-a56b-6cea9c0f9298,1.0,videos/group_0001/b97f6249-3301-56eb-a56b-6cea9c0f9298.mp4,annotations/group_0001/b97f6249-3301-56eb-a56b-6cea9c0f9298,Interior;Open-Concept Living Space,29.97002997002997,81.0,4.543092727661133,7.963474146341464,Daytime (Midday/Noon/Afternoon),Sunny,Deserted
31011b69-7036-5e49-9b7c-36f18faa6465,1.0,videos/group_0001/31011b69-7036-5e49-9b7c-36f18faa6465.mp4,annotations/group_0001/31011b69-7036-5e49-9b7c-36f18faa6465,Urban;Street Scene,30.0,282.0,4.628762245178223,6.2739581095406365,Daytime,Rainy,Sparse
e464a1d4-366b-5bd3-ad7d-e03c16529475,1.0,videos/group_0001/e464a1d4-366b-5bd3-ad7d-e03c16529475.mp4,annotations/group_0001/e464a1d4-366b-5bd3-ad7d-e03c16529475,Urban;City Park/Square,60.0,243.0,4.660984039306641,5.253485245901638,Night,Unknown,Moderate
0815ab7a-9de7-5e5d-b942-7d7868719231,1.0,videos/group_0001/0815ab7a-9de7-5e5d-b942-7d7868719231.mp4,annotations/group_0001/0815ab7a-9de7-5e5d-b942-7d7868719231,Rural;Canal Path,59.94872526612515,899.0,4.745782375335693,3.3307080222222223,Morning,Cloudy,Deserted
b5a60fd2-64ff-5a22-b2f5-5df2bd7dea63,1.0,videos/group_0001/b5a60fd2-64ff-5a22-b2f5-5df2bd7dea63.mp4,annotations/group_0001/b5a60fd2-64ff-5a22-b2f5-5df2bd7dea63,Natural Landscape;Backyard,25.0,50.0,4.725929260253906,6.900451705882354,Daytime,Sunny,Deserted
e426f6ae-f6c8-52c0-9e15-d7e59b87bd2c,1.0,videos/group_0001/e426f6ae-f6c8-52c0-9e15-d7e59b87bd2c.mp4,annotations/group_0001/e426f6ae-f6c8-52c0-9e15-d7e59b87bd2c,Natural Landscape;Mountain Highway,60.0,291.0,4.807599067687988,7.579695986301369,Daytime,Sunny,Deserted
8aec9fd1-3576-52a0-a6e9-fb3bf984a8de,1.0,videos/group_0001/8aec9fd1-3576-52a0-a6e9-fb3bf984a8de.mp4,annotations/group_0001/8aec9fd1-3576-52a0-a6e9-fb3bf984a8de,Urban;Street Scene,59.94005994005994,899.0,4.559704780578613,4.3672505133333335,Night,Unknown,Crowded
0829fe19-3816-556d-93d5-61eaa55f4c16,1.0,videos/group_0001/0829fe19-3816-556d-93d5-61eaa55f4c16.mp4,annotations/group_0001/0829fe19-3816-556d-93d5-61eaa55f4c16,Natural Landscape;Waterfall,24.004262468080537,169.0,4.944100856781006,4.120445023529411,Daytime (Midday/Noon/Afternoon),Sunny,Deserted
267a2ecf-2066-5263-bf61-ceae44bc5a03,1.0,videos/group_0001/267a2ecf-2066-5263-bf61-ceae44bc5a03.mp4,annotations/group_0001/267a2ecf-2066-5263-bf61-ceae44bc5a03,Urban;Street Scene,60.0,570.0,4.692838191986084,4.867832201401051,Daytime,Sunny,Sparse
54bf6933-d0bc-527a-a22b-5aa74fdd901e,1.0,videos/group_0001/54bf6933-d0bc-527a-a22b-5aa74fdd901e.mp4,annotations/group_0001/54bf6933-d0bc-527a-a22b-5aa74fdd901e,Urban;Industrial Area,59.94006309148265,899.0,4.422743320465088,5.337744482222222,Unknown,Cloudy,Deserted
0fb1a130-9a2d-5d41-a008-9bcdbd649b5e,1.0,videos/group_0001/0fb1a130-9a2d-5d41-a008-9bcdbd649b5e.mp4,annotations/group_0001/0fb1a130-9a2d-5d41-a008-9bcdbd649b5e,Urban;Street Scene,30.00394704716337,105.0,4.509891510009766,6.791158858490565,Daytime (Midday/Noon/Afternoon),Rainy,Sparse
79072063-f90c-506c-918e-cd0cefa90754,1.0,videos/group_0001/79072063-f90c-506c-918e-cd0cefa90754.mp4,annotations/group_0001/79072063-f90c-506c-918e-cd0cefa90754,Rural;Village Street,59.94005994005994,899.0,4.972491264343262,4.08535769,Daytime,Sunny,Deserted
b8ce4f3e-a149-5dac-a198-fc12d381d775,1.0,videos/group_0001/b8ce4f3e-a149-5dac-a198-fc12d381d775.mp4,annotations/group_0001/b8ce4f3e-a149-5dac-a198-fc12d381d775,Natural Landscape;Forest Trail,29.97002997002997,450.0,4.538910865783691,4.829209638580932,Dusk/Evening,Cloudy,Deserted
9aecba59-adbf-55cf-98ff-c63e2b233517,1.0,videos/group_0001/9aecba59-adbf-55cf-98ff-c63e2b233517.mp4,annotations/group_0001/9aecba59-adbf-55cf-98ff-c63e2b233517,Natural Landscape;Mountain Road,59.94005994005994,899.0,4.48482084274292,3.3992217188888887,Daytime (Midday/Noon/Afternoon),Cloudy,Sparse
3e4910a6-ebd0-502f-87cd-35919d6ab53b,1.0,videos/group_0001/3e4910a6-ebd0-502f-87cd-35919d6ab53b.mp4,annotations/group_0001/3e4910a6-ebd0-502f-87cd-35919d6ab53b,Rural;Scenic Road,59.94006309148265,462.0,4.607056617736816,5.81607696112311,Daytime,Sunny,Deserted
b93e9749-d2a4-522b-9f13-12082f57a4cb,1.0,videos/group_0001/b93e9749-d2a4-522b-9f13-12082f57a4cb.mp4,annotations/group_0001/b93e9749-d2a4-522b-9f13-12082f57a4cb,Natural Landscape;Forest Road,29.97002997002997,449.0,4.622307777404785,8.09268288,Unknown,Cloudy,Deserted
59c6cb04-6be8-5a21-b33a-ef229199679a,1.0,videos/group_0001/59c6cb04-6be8-5a21-b33a-ef229199679a.mp4,annotations/group_0001/59c6cb04-6be8-5a21-b33a-ef229199679a,Urban;Residential Street,60.0,900.0,4.557376861572266,5.912371653718092,Dusk/Evening,Cloudy,Sparse
ddbe62a6-3860-5d76-ad70-c913fdd07a1b,1.0,videos/group_0001/ddbe62a6-3860-5d76-ad70-c913fdd07a1b.mp4,annotations/group_0001/ddbe62a6-3860-5d76-ad70-c913fdd07a1b,Natural Landscape;Mountain Road,60.0,675.0,4.760476112365723,6.372388930473372,Daytime,Sunny,Deserted
29beac51-b8dc-52ff-8871-1c60a60f9fd0,1.0,videos/group_0001/29beac51-b8dc-52ff-8871-1c60a60f9fd0.mp4,annotations/group_0001/29beac51-b8dc-52ff-8871-1c60a60f9fd0,Urban;Street Scene,60.0,249.0,4.467824935913086,7.109105204,Daytime,Sunny,Sparse
9be32c03-8d58-55da-aa4e-05354d78a598,1.0,videos/group_0001/9be32c03-8d58-55da-aa4e-05354d78a598.mp4,annotations/group_0001/9be32c03-8d58-55da-aa4e-05354d78a598,Urban;Street Scene,60.0,900.0,4.755982875823975,3.03494048945616,Daytime (Midday/Noon/Afternoon),Cloudy,Sparse
8a341f10-7d8f-57d5-b67e-5d5d274cd390,1.0,videos/group_0001/8a341f10-7d8f-57d5-b67e-5d5d274cd390.mp4,annotations/group_0001/8a341f10-7d8f-57d5-b67e-5d5d274cd390,Natural Landscape;Mountainside,25.0,207.0,4.446887969970703,7.931380076923078,Daytime,Sunny,Deserted
ab25ab59-057c-57c7-9596-3be5d0315850,1.0,videos/group_0001/ab25ab59-057c-57c7-9596-3be5d0315850.mp4,annotations/group_0001/ab25ab59-057c-57c7-9596-3be5d0315850,Urban;Street Scene,60.0,900.0,4.5851569175720215,8.413018860155383,Daytime,Rainy,Deserted
07c20c32-6b8d-569f-b77a-b61d900787da,1.0,videos/group_0001/07c20c32-6b8d-569f-b77a-b61d900787da.mp4,annotations/group_0001/07c20c32-6b8d-569f-b77a-b61d900787da,Urban;Street Scene,60.0,849.0,4.890398025512695,4.0265368635294125,Daytime,Cloudy,Moderate
5acd9483-4ab6-5fc7-a7a2-131ed47e21ff,1.0,videos/group_0001/5acd9483-4ab6-5fc7-a7a2-131ed47e21ff.mp4,annotations/group_0001/5acd9483-4ab6-5fc7-a7a2-131ed47e21ff,Interior;Home Office,29.97002997002997,72.0,5.277596473693848,3.2598099041095887,Daytime (Midday/Noon/Afternoon),Unknown,Deserted
d581fcc3-7356-53b8-bde8-e5af56b85ef6,1.0,videos/group_0001/d581fcc3-7356-53b8-bde8-e5af56b85ef6.mp4,annotations/group_0001/d581fcc3-7356-53b8-bde8-e5af56b85ef6,Natural Landscape;Forest Trail,59.94006309148265,366.0,4.5395050048828125,8.98096195640327,Daytime (Midday/Noon/Afternoon),Cloudy,Deserted
59650e86-92b9-5371-b4cb-3894fd511e0e,1.0,videos/group_0001/59650e86-92b9-5371-b4cb-3894fd511e0e.mp4,annotations/group_0001/59650e86-92b9-5371-b4cb-3894fd511e0e,Urban;Street Scene,59.94006309148265,144.0,4.715732097625732,3.797837434482759,Night,Rainy,Sparse
8d04bca4-0533-598d-a774-761b5123695d,1.0,videos/group_0001/8d04bca4-0533-598d-a774-761b5123695d.mp4,annotations/group_0001/8d04bca4-0533-598d-a774-761b5123695d,Natural Landscape;Snowy Forest Trail,60.0,900.0,4.421780586242676,3.972903496115427,Unknown,Snowy,Deserted
855d07c1-f3a3-5909-a862-a89f5f5d6ebe,1.0,videos/group_0001/855d07c1-f3a3-5909-a862-a89f5f5d6ebe.mp4,annotations/group_0001/855d07c1-f3a3-5909-a862-a89f5f5d6ebe,Natural Landscape;Forest Trail,59.94006309148265,899.0,4.546513557434082,4.833215225555556,Dawn,Cloudy,Deserted
